City_ID,City,Country,Date,Lat,Lng,Max Temp,Humidity,Cloudiness,Wind Speed
0,Vaini,TO,2022-05-15 14:34:26,-21.2,-175.2,60.96,94,20,5.75
1,Along,IN,2022-05-15 14:41:25,28.1667,94.7667,71.42,98,97,1.3
2,Rio Muerto,MX,2022-05-15 14:41:51,27.4167,-110.2333,80.02,43,7,9.33
3,Leh,IN,2022-05-15 14:41:52,34.1667,77.5833,53.47,25,79,8.41
4,Fortuna,US,2022-05-15 14:41:52,40.5982,-124.1573,56.93,97,100,0.0
5,Albany,US,2022-05-15 14:33:33,42.6001,-73.9662,71.64,82,95,3.62
6,Hobart,AU,2022-05-15 14:31:07,-42.8794,147.3294,54.27,79,40,11.5
7,Hermanus,ZA,2022-05-15 14:34:40,-34.4187,19.2345,68.9,51,0,8.86
8,Rikitea,PF,2022-05-15 14:34:32,-23.1203,-134.9692,76.8,71,100,19.33
9,Bengkulu,ID,2022-05-15 14:34:39,-3.8004,102.2655,78.49,90,100,3.2
10,Upernavik,GL,2022-05-15 14:34:27,72.7868,-56.1549,19.62,67,10,0.58
11,Bonavista,CA,2022-05-15 14:37:04,48.6499,-53.1147,34.47,81,96,15.08
12,Ghatal,IN,2022-05-15 14:41:53,22.6667,87.7167,88.16,64,67,18.52
13,Champerico,GT,2022-05-15 14:41:54,14.3,-91.9167,83.59,70,99,3.36
14,Arraial Do Cabo,BR,2022-05-15 14:38:34,-22.9661,-42.0278,76.96,69,75,17.27
15,Atuona,PF,2022-05-15 14:37:12,-9.8,-139.0333,78.46,76,12,18.1
16,Geraldton,AU,2022-05-15 14:41:55,-28.7667,114.6,59.41,82,4,1.14
17,Kaitangata,NZ,2022-05-15 14:34:43,-46.2817,169.8464,42.26,93,11,3.04
18,Bayburt,TR,2022-05-15 14:41:55,40.2589,40.2278,59.43,58,100,6.04
19,Codrington,AU,2022-05-15 14:41:56,-38.2667,141.9667,48.79,83,18,11.45
20,Kefalos,GR,2022-05-15 14:41:56,36.7453,26.9589,71.82,56,0,16.11
21,Berlevag,NO,2022-05-15 14:41:57,70.8578,29.0864,42.6,81,100,13.8
22,Punta Arenas,CL,2022-05-15 14:34:14,-53.15,-70.9167,37.51,93,0,6.91
23,Tautira,PF,2022-05-15 14:41:57,-17.7333,-149.15,80.02,76,26,12.15
24,Ushuaia,AR,2022-05-15 14:33:37,-54.8,-68.3,38.86,93,0,8.05
25,Yellowknife,CA,2022-05-15 14:34:02,62.456,-114.3525,39.72,65,75,11.01
26,Salinopolis,BR,2022-05-15 14:41:58,-0.6136,-47.3561,84.76,70,90,12.41
27,Boguchany,RU,2022-05-15 14:41:58,58.3814,97.4531,57.94,65,92,3.2
28,Qaanaaq,GL,2022-05-15 14:37:21,77.484,-69.3632,24.67,57,100,3.47
29,Hilo,US,2022-05-15 14:33:20,19.7297,-155.09,68.29,92,100,4.61
30,Linqiong,CN,2022-05-15 14:41:59,30.4159,103.4609,60.62,84,34,1.97
31,Baykit,RU,2022-05-15 14:34:33,61.67,96.37,55.36,53,4,2.86
32,Jamestown,US,2022-05-15 14:33:37,42.097,-79.2353,73.06,74,75,8.05
33,Iqaluit,CA,2022-05-15 14:38:31,63.7506,-68.5145,22.73,67,40,13.8
34,Lompoc,US,2022-05-15 14:34:38,34.6391,-120.4579,52.21,95,100,10.36
35,Ibra,OM,2022-05-15 14:42:00,22.6906,58.5334,90.46,11,0,10.13
36,Plouzane,FR,2022-05-15 14:42:00,48.3833,-4.6167,70.12,86,75,3.44
37,Puerto Ayora,EC,2022-05-15 14:38:33,-0.7393,-90.3518,78.76,93,59,1.99
38,Padang,ID,2022-05-15 14:42:01,-0.9492,100.3543,78.85,88,39,3.78
39,Hithadhoo,MV,2022-05-15 14:34:27,-0.6,73.0833,83.66,70,92,10.16
40,Nikolskoye,RU,2022-05-15 14:37:10,59.7035,30.7861,52.88,61,96,9.6
41,Bubaque,GW,2022-05-15 14:42:02,11.2833,-15.8333,79.29,79,91,9.71
42,Victoria,HK,2022-05-15 14:40:46,22.2855,114.1577,72.95,94,100,5.01
43,Izmit,TR,2022-05-15 14:40:46,40.7669,29.9169,76.98,50,40,9.22
44,Winslow,US,2022-05-15 14:42:03,35.0242,-110.6974,55.58,11,0,9.22
45,Clyde River,CA,2022-05-15 14:33:01,70.4692,-68.5914,19.63,86,40,5.75
46,College,US,2022-05-15 14:43:03,64.8569,-147.8028,40.06,68,40,6.91
47,Stokmarknes,NO,2022-05-15 14:43:04,68.5646,14.9108,40.98,81,75,14.97
48,Bambous Virieux,MU,2022-05-15 14:43:04,-20.3428,57.7575,75.45,78,40,3.44
49,Olafsvik,IS,2022-05-15 14:43:04,64.8945,-23.7142,45.75,96,100,12.95
50,Polewali,ID,2022-05-15 14:43:05,-3.4324,119.3435,78.6,90,100,2.84
51,Avarua,CK,2022-05-15 14:43:05,-21.2078,-159.775,69.85,88,75,3.44
52,Constitucion,CL,2022-05-15 14:38:36,-35.3333,-72.4167,60.73,47,72,2.44
53,Cayenne,GF,2022-05-15 14:42:38,4.9333,-52.3333,84.24,1,75,14.97
54,Seoul,KR,2022-05-15 14:43:06,37.5683,126.9778,56.77,45,0,4.61
55,Saldanha,ZA,2022-05-15 14:43:06,-33.0117,17.9442,78.85,66,0,11.05
56,Morehead,US,2022-05-15 14:43:07,37.2711,-87.1764,74.79,78,0,3.44
57,Kristinehamn,SE,2022-05-15 14:43:07,59.3098,14.1081,61.36,40,37,8.01
58,Ponta Delgada,PT,2022-05-15 14:43:08,37.7333,-25.6667,65.12,63,20,20.71
59,Kapaa,US,2022-05-15 14:34:44,22.0752,-159.319,73.72,94,75,11.5
60,Castro,BR,2022-05-15 14:40:05,-24.7911,-50.0119,59.13,93,99,6.82
61,Calderitas,MX,2022-05-15 14:43:08,18.55,-88.25,82.51,65,0,0.0
62,Dali,CN,2022-05-15 14:43:09,25.7,100.1833,60.76,91,73,2.73
63,Aykhal,RU,2022-05-15 14:43:09,66.0,111.5,36.21,92,100,4.21
64,New Norfolk,AU,2022-05-15 14:37:26,-42.7826,147.0587,53.92,79,46,5.99
65,Steinbach,DE,2022-05-15 14:43:10,50.1667,8.5667,80.78,27,0,5.75
66,Hasaki,JP,2022-05-15 14:37:18,35.7333,140.8333,63.0,73,100,8.75
67,Hinton,CA,2022-05-15 14:41:10,53.4001,-117.5857,46.38,57,100,3.51
68,Poum,NC,2022-05-15 14:43:11,-20.2333,164.0167,76.62,73,14,21.07
69,Mataura,NZ,2022-05-15 14:37:09,-46.1927,168.8643,35.47,98,13,2.62
70,Hailar,CN,2022-05-15 14:43:11,49.2,119.7,46.74,38,21,4.16
71,San Pedro,PH,2022-05-15 14:43:12,14.35,121.0167,80.35,92,100,2.3
72,Petatlan,MX,2022-05-15 14:43:12,17.5167,-101.2667,86.49,53,81,4.74
73,Deputatskiy,RU,2022-05-15 14:43:13,69.3,139.9,9.16,99,100,2.84
74,Busselton,AU,2022-05-15 14:34:28,-33.65,115.3333,54.99,76,92,5.19
75,Carnarvon,AU,2022-05-15 14:43:13,-24.8667,113.6333,70.34,36,0,12.97
76,Coquimbo,CL,2022-05-15 14:34:10,-29.9533,-71.3436,53.33,87,100,6.91
77,Ntcheu,MW,2022-05-15 14:43:14,-14.8203,34.6359,65.71,55,40,4.29
78,Cape Town,ZA,2022-05-15 14:38:28,-33.9258,18.4232,73.35,56,0,8.05
79,Fairbanks,US,2022-05-15 14:38:16,64.8378,-147.7164,39.09,68,40,6.91
80,Bembereke,BJ,2022-05-15 14:43:15,10.2283,2.6634,98.01,28,94,7.34
81,Caravelas,BR,2022-05-15 14:37:19,-17.7125,-39.2481,80.22,55,69,7.94
82,Senanga,ZM,2022-05-15 14:43:15,-16.1167,23.2667,80.29,28,23,7.25
83,Airai,TL,2022-05-15 14:42:30,-8.9266,125.4092,61.07,96,87,1.92
84,Broken Hill,AU,2022-05-15 14:43:16,-31.95,141.4333,57.06,47,0,5.57
85,Kahului,US,2022-05-15 14:30:26,20.8947,-156.47,73.85,76,20,8.99
86,Komsomolskiy,UZ,2022-05-15 14:43:17,40.4272,71.7189,68.72,60,99,4.61
87,Bredasdorp,ZA,2022-05-15 14:38:44,-34.5322,20.0403,62.56,72,0,10.31
88,Belgaum,IN,2022-05-15 14:43:18,15.8667,74.5,78.71,73,40,9.22
89,Tabou,CI,2022-05-15 14:34:44,4.423,-7.3528,83.46,77,100,7.43
90,Barrow,US,2022-05-15 14:39:47,71.2906,-156.7887,12.22,85,0,6.91
91,San Rafael,AR,2022-05-15 14:40:43,-34.6177,-68.3301,53.69,28,29,5.28
92,Kavieng,PG,2022-05-15 14:44:18,-2.5744,150.7967,81.21,73,100,6.13
93,Dafeng,CN,2022-05-15 14:44:19,23.4517,108.5881,62.19,79,97,8.46
94,Khatanga,RU,2022-05-15 14:44:19,71.9667,102.5,32.86,99,100,6.8
95,Ayabaca,PE,2022-05-15 14:44:20,-4.6398,-79.7149,55.76,81,91,2.13
96,Butaritari,KI,2022-05-15 14:44:20,3.0707,172.7902,80.55,75,1,5.01
97,Sinnamary,GF,2022-05-15 14:44:21,5.3833,-52.95,81.27,88,99,11.79
98,Namibe,AO,2022-05-15 14:44:21,-15.1961,12.1522,77.7,56,3,11.21
99,Puerto Del Rosario,ES,2022-05-15 14:44:22,28.5004,-13.8627,73.15,68,20,9.22
100,Pijijiapan,MX,2022-05-15 14:44:22,15.7011,-93.23,91.47,40,100,2.28
101,Cabo San Lucas,MX,2022-05-15 14:39:59,22.8909,-109.9124,81.52,46,29,3.71
102,Alta Floresta,BR,2022-05-15 14:44:23,-9.8756,-56.0861,87.62,70,0,2.3
103,Tasiilaq,GL,2022-05-15 14:44:24,65.6145,-37.6368,30.36,97,100,14.32
104,Galdar,ES,2022-05-15 14:44:28,28.147,-15.6502,73.9,64,5,8.72
105,Chernyshkovskiy,RU,2022-05-15 14:44:28,48.4219,42.2308,66.65,54,100,11.32
106,Kodiak,US,2022-05-15 14:43:45,57.79,-152.4072,44.11,49,20,11.5
107,Ugoofaaru,MV,2022-05-15 14:44:29,5.6667,73.0,83.48,75,100,19.08
108,Boende,CD,2022-05-15 14:44:29,-0.2167,20.8667,87.35,58,100,2.46
109,Bluff,NZ,2022-05-15 14:42:16,-46.6,168.3333,35.8,85,17,6.4
110,Vilhena,BR,2022-05-15 14:44:30,-12.7406,-60.1458,84.42,58,20,2.3
111,Takoradi,GH,2022-05-15 14:44:30,4.8845,-1.7554,84.9,69,33,9.33
112,Dunmore East,IE,2022-05-15 14:44:31,52.1514,-6.9861,62.33,73,75,13.8
113,Margate,GB,2022-05-15 14:44:31,51.3813,1.3862,69.12,74,98,11.9
114,Mayo,US,2022-05-15 14:44:31,38.8876,-76.5119,71.46,94,100,0.0
115,Windsor,CA,2022-05-15 14:43:42,42.3001,-83.0165,78.96,60,0,0.0
116,Faanui,PF,2022-05-15 14:44:32,-16.4833,-151.75,80.46,61,10,7.61
117,Pokrovsk,UA,2022-05-15 14:44:32,48.282,37.1758,60.39,61,82,12.55
118,Ormara,PK,2022-05-15 14:44:33,25.2088,64.6357,83.95,73,0,21.54
119,Naze,JP,2022-05-15 14:44:33,28.3667,129.4833,61.72,85,100,12.8
120,Jeremie,HT,2022-05-15 14:44:34,18.65,-74.1167,83.41,62,100,2.01
121,San Cristobal,VE,2022-05-15 14:40:26,7.7669,-72.225,80.78,53,98,7.78
122,Bairiki,KI,2022-05-15 14:44:34,1.3292,172.9752,78.8,94,75,3.44
123,Pevek,RU,2022-05-15 14:44:35,69.7008,170.3133,15.19,92,100,3.85
124,Cap Malheureux,MU,2022-05-15 14:44:35,-19.9842,57.6142,74.46,76,23,5.99
125,Half Moon Bay,US,2022-05-15 14:40:49,37.4636,-122.4286,59.11,88,100,11.5
126,Waipawa,NZ,2022-05-15 14:44:36,-41.4122,175.5153,54.28,98,100,7.18
127,San Joaquin,US,2022-05-15 14:40:53,37.9333,-121.3011,67.53,65,0,3.44
128,Emirdag,TR,2022-05-15 14:44:36,39.0197,31.15,57.16,80,93,4.54
129,Ferndale,US,2022-05-15 14:44:37,42.4606,-83.1347,78.85,56,0,10.36
130,Shache,CN,2022-05-15 14:44:37,38.4167,77.2406,67.71,42,100,25.59
131,Ajdabiya,LY,2022-05-15 14:44:38,30.7554,20.2263,75.9,33,0,16.24
132,Saskylakh,RU,2022-05-15 14:44:38,71.9167,114.0833,34.09,100,100,7.25
133,Aklavik,CA,2022-05-15 14:44:39,68.2191,-135.0107,26.6,86,100,5.75
134,Teguise,ES,2022-05-15 14:44:39,29.0605,-13.564,68.22,78,20,6.91
135,Zapolyarnyy,RU,2022-05-15 14:45:40,69.4154,30.8136,47.48,75,61,5.75
136,Paita,PE,2022-05-15 14:45:40,-5.0892,-81.1144,69.64,74,86,13.06
137,Svetlyy,RU,2022-05-15 14:45:41,54.675,20.1347,53.65,73,6,11.36
138,Katobu,ID,2022-05-15 14:45:41,-4.9408,122.5276,76.6,89,27,4.18
139,Sofiyivka,UA,2022-05-15 14:45:41,48.0493,33.8746,63.3,58,67,13.6
140,Beringovskiy,RU,2022-05-15 14:45:42,63.05,179.3167,36.7,76,95,8.28
141,Ongandjera,NA,2022-05-15 14:45:42,-17.8833,15.0667,84.29,19,6,8.12
142,The Valley,AI,2022-05-15 14:45:43,18.217,-63.0578,84.06,74,75,11.5
143,East London,ZA,2022-05-15 14:43:38,-33.0153,27.9116,68.94,77,0,9.22
144,Singosari,ID,2022-05-15 14:45:43,-7.8924,112.6658,71.94,97,58,1.77
145,Port Augusta,AU,2022-05-15 14:45:44,-32.5,137.7667,57.4,74,0,3.36
146,Natal,BR,2022-05-15 14:45:44,-5.795,-35.2094,86.22,74,75,12.66
147,Pacific Grove,US,2022-05-15 14:45:45,36.6177,-121.9166,54.43,95,100,11.01
148,Ayolas,PY,2022-05-15 14:45:45,-27.4,-56.9,64.44,72,89,8.95
149,Yarada,IN,2022-05-15 14:45:46,17.65,83.2667,86.32,84,20,5.75
150,Erdenet,MN,2022-05-15 14:45:46,49.0333,104.0833,53.29,24,48,3.2
151,San Andres,CO,2022-05-15 14:45:47,12.5847,-81.7006,84.22,74,75,10.36
152,Kutum,SD,2022-05-15 14:45:47,14.2,24.6667,77.52,51,99,10.74
153,Dikson,RU,2022-05-15 14:45:47,73.5069,80.5464,33.57,99,100,8.55
154,Rossland,CA,2022-05-15 14:43:23,49.0831,-117.8022,45.91,87,100,2.91
155,Amravati,IN,2022-05-15 14:45:48,20.9333,77.75,102.87,16,59,11.86
156,Ribeira Grande,PT,2022-05-15 14:45:48,38.5167,-28.7,57.6,94,75,23.02
157,Raudeberg,NO,2022-05-15 14:45:49,61.9875,5.1352,50.67,92,61,10.94
158,Nanortalik,GL,2022-05-15 14:45:49,60.1432,-45.2371,31.19,72,53,10.76
159,Constantine,DZ,2022-05-15 14:42:23,36.365,6.6147,89.01,29,40,12.66
160,Port Alfred,ZA,2022-05-15 14:45:50,-33.5906,26.891,69.19,79,45,5.01
161,Laguna,US,2022-05-15 14:43:02,38.421,-121.4238,73.09,74,0,4.61
162,Sao Filipe,CV,2022-05-15 14:45:50,14.8961,-24.4956,79.86,61,47,9.19
163,Diego De Almagro,CL,2022-05-15 14:45:51,-26.3667,-70.05,72.43,17,0,3.78
164,Anadyr,RU,2022-05-15 14:45:00,64.75,177.4833,34.3,93,0,8.95
165,Cidreira,BR,2022-05-15 14:45:51,-30.1811,-50.2056,63.03,93,100,10.92
166,Esperance,AU,2022-05-15 14:45:52,-33.8667,121.9,53.44,68,99,7.4
167,Los Llanos De Aridane,ES,2022-05-15 14:45:52,28.6585,-17.9182,69.55,76,20,5.99
168,Kruisfontein,ZA,2022-05-15 14:45:53,-34.0033,24.7314,69.89,67,2,9.01
169,Tuatapere,NZ,2022-05-15 14:45:53,-46.1333,167.6833,43.83,88,8,4.09
170,Ancud,CL,2022-05-15 14:45:54,-41.8697,-73.8203,50.59,71,54,9.75
171,Gorakhpur,IN,2022-05-15 14:45:27,29.45,75.6833,103.69,6,30,8.68
172,Port Keats,AU,2022-05-15 14:45:54,-14.25,129.55,76.8,80,6,1.61
173,Vozhega,RU,2022-05-15 14:45:55,60.4725,40.2213,47.34,95,100,6.53
174,Ilulissat,GL,2022-05-15 14:44:14,69.2167,-51.1,24.82,39,8,3.44
175,Ankang,CN,2022-05-15 14:45:55,32.68,109.0172,54.84,67,98,0.96
176,Kavaratti,IN,2022-05-15 14:45:56,10.5669,72.642,81.43,80,100,15.52
177,Port Elizabeth,ZA,2022-05-15 14:41:05,-33.918,25.5701,69.31,78,0,10.36
178,Sabang,ID,2022-05-15 14:46:00,5.8933,95.3214,85.03,75,85,18.54
179,Stony Mountain,CA,2022-05-15 14:46:00,50.0864,-97.2196,51.78,70,75,13.8
180,Davila,PH,2022-05-15 14:46:01,18.4726,120.5763,82.53,79,99,3.69
181,Souillac,MU,2022-05-15 14:43:43,-20.5167,57.5167,75.58,78,40,3.44
182,Urucara,BR,2022-05-15 14:47:02,-2.5364,-57.76,85.93,69,97,5.97
183,Petrolina,BR,2022-05-15 14:43:51,-9.3986,-40.5008,86.05,51,75,12.66
184,Dubbo,AU,2022-05-15 14:42:46,-32.25,148.6167,51.93,94,0,6.91
185,Bethel,US,2022-05-15 14:42:14,41.3712,-73.414,70.38,80,100,4.61
186,Holme,DK,2022-05-15 14:47:02,56.1138,10.1725,63.18,59,68,9.26
187,Saint George,US,2022-05-15 14:47:03,37.1041,-113.5841,63.19,14,0,3.44
188,Tarazona,ES,2022-05-15 14:47:03,41.9,-1.7333,84.02,31,75,20.62
189,Bintulu,MY,2022-05-15 14:47:04,3.1667,113.0333,79.21,88,40,1.14
190,Wanning,CN,2022-05-15 14:47:04,18.8003,110.3967,77.88,94,100,10.11
191,Ramhormoz,IR,2022-05-15 14:47:05,31.28,49.6035,99.5,6,0,7.11
192,Georgetown,MY,2022-05-15 14:45:19,5.4112,100.3354,83.95,94,20,5.99
193,Talnakh,RU,2022-05-15 14:47:05,69.4865,88.3972,36.9,100,100,10.45
194,Illapel,CL,2022-05-15 14:47:06,-31.6308,-71.1653,74.48,22,20,2.84
195,Bulgan,MN,2022-05-15 14:47:06,48.8125,103.5347,55.38,22,39,3.2
196,Roma,US,2022-05-15 14:42:14,43.2128,-75.4557,76.95,75,75,5.01
197,Solnechnyy,RU,2022-05-15 14:47:07,50.7214,136.6319,36.77,94,100,2.75
198,Bocana De Paiwas,NI,2022-05-15 14:47:07,12.7857,-85.1227,83.61,63,68,8.95
199,Agua Branca,BR,2022-05-15 14:47:07,-5.8922,-42.6361,86.85,56,59,6.58
200,Erenhot,CN,2022-05-15 14:47:08,43.6475,111.9767,58.6,20,6,9.73
201,Maicao,CO,2022-05-15 14:47:08,11.3832,-72.2432,85.71,67,89,15.08
202,Thompson,CA,2022-05-15 14:47:09,55.7435,-97.8558,33.96,100,100,13.8
203,Baculin,PH,2022-05-15 14:47:09,7.4525,126.5842,76.87,86,97,4.29
204,Tumbes,PE,2022-05-15 14:47:10,-3.5667,-80.4414,78.55,74,73,4.61
205,Broome,US,2022-05-15 14:47:10,42.2506,-75.833,73.54,77,75,6.91
206,Esperanza,DO,2022-05-15 14:47:11,19.5847,-70.9849,84.29,69,100,8.01
207,Lebu,CL,2022-05-15 14:47:11,-37.6167,-73.65,56.08,44,100,0.94
208,Bilibino,RU,2022-05-15 14:47:11,68.0546,166.4372,19.44,96,100,4.41
209,Xiongyue,CN,2022-05-15 14:47:12,40.1774,122.1228,56.97,50,27,12.8
210,Barcelos,PT,2022-05-15 14:47:12,41.5388,-8.6151,69.91,63,100,14.9
211,Medea,DZ,2022-05-15 14:47:13,36.2642,2.7539,83.01,30,73,4.5
212,Adrar,MR,2022-05-15 14:46:21,20.5022,-10.0711,105.6,7,14,17.92
213,Mumbwa,ZM,2022-05-15 14:47:13,-14.9783,27.0619,72.25,37,2,5.59
214,Petropavlovsk-Kamchatskiy,RU,2022-05-15 14:45:12,53.0452,158.6483,36.19,100,75,13.42
215,Bogorodskoye,RU,2022-05-15 14:47:14,56.55,37.8833,53.44,75,99,9.55
216,Griffith,US,2022-05-15 14:47:14,41.5284,-87.4237,76.14,55,0,6.91
217,Kemijarvi,FI,2022-05-15 14:47:15,66.7131,27.4306,49.71,76,100,7.14
218,Aswan,EG,2022-05-15 14:47:15,24.0934,32.907,103.5,12,10,17.36
219,Saint-Joseph,RE,2022-05-15 14:47:16,-21.3667,55.6167,73.78,73,22,10.58
220,Mkuranga,TZ,2022-05-15 14:47:16,-7.118,39.2078,83.39,82,3,5.57
221,Tura,IN,2022-05-15 14:47:17,25.5198,90.2201,73.92,96,37,7.56
222,Lazaro Cardenas,MX,2022-05-15 14:47:17,17.9583,-102.2,83.97,57,77,1.79
223,Bandarbeyla,SO,2022-05-15 14:47:18,9.4942,50.8122,83.16,80,9,24.34
224,Gryazovets,RU,2022-05-15 14:47:18,58.88,40.2525,48.99,84,100,6.85
225,Ponta Do Sol,PT,2022-05-15 14:47:19,32.6667,-17.1,78.71,67,54,8.81
226,Ostersund,SE,2022-05-15 14:47:19,63.1792,14.6357,41.45,70,40,19.57
227,Aljezur,PT,2022-05-15 14:47:19,37.3191,-8.8033,69.85,64,65,12.08
228,Touros,BR,2022-05-15 14:47:20,-5.1989,-35.4608,85.98,65,100,12.8
229,Chokurdakh,RU,2022-05-15 14:47:20,70.6333,147.9167,3.38,97,62,4.83
230,Port Hardy,CA,2022-05-15 14:48:21,50.6996,-127.4199,48.2,93,100,2.3
231,Kangaatsiaq,GL,2022-05-15 14:48:21,68.3065,-53.4641,23.65,71,12,10.2
232,Lively,CA,2022-05-15 14:48:22,46.4334,-81.1498,76.37,38,93,6.38
233,Ayagoz,KZ,2022-05-15 14:48:22,47.9714,80.4392,56.55,83,94,4.97
234,Agadez,NE,2022-05-15 14:48:22,19.75,10.25,93.76,10,0,11.01
235,Maragheh,IR,2022-05-15 14:48:23,37.3917,46.2398,80.87,23,40,9.22
236,Kloulklubed,PW,2022-05-15 14:48:23,7.0419,134.2556,75.7,72,19,4.27
237,Santa Fe,AR,2022-05-15 14:48:24,-31.6333,-60.7,57.02,67,88,8.01
238,Mar Del Plata,AR,2022-05-15 14:44:05,-38.0023,-57.5575,53.94,77,75,13.8
239,Dzhebariki-Khaya,RU,2022-05-15 14:48:25,62.2167,135.8,36.05,93,100,5.88
240,Terrace Bay,CA,2022-05-15 14:48:25,48.7834,-87.1,43.43,78,72,6.31
241,Tuktoyaktuk,CA,2022-05-15 14:43:44,69.4541,-133.0374,26.6,86,100,11.5
242,Najran,SA,2022-05-15 14:48:26,17.4924,44.1277,90.25,6,8,14.94
243,Saint-Philippe,RE,2022-05-15 14:39:56,-21.3585,55.7679,74.79,73,39,9.06
244,Lasa,IT,2022-05-15 14:48:26,46.6166,10.7002,77.68,63,64,2.98
245,Visby,SE,2022-05-15 14:48:27,57.6409,18.296,61.05,41,0,4.61
246,Luanda,AO,2022-05-15 14:44:22,-8.8368,13.2343,79.65,76,8,11.52
247,Quelimane,MZ,2022-05-15 14:48:27,-17.8786,36.8883,76.95,83,75,4.61
248,Merauke,ID,2022-05-15 14:48:28,-8.4667,140.3333,78.82,70,8,5.57
249,Bjornevatn,NO,2022-05-15 14:48:28,69.6672,29.9847,48.54,66,0,11.5
250,Nouadhibou,MR,2022-05-15 14:48:29,20.931,-17.0347,87.78,42,100,12.66
251,Hongjiang,CN,2022-05-15 14:48:29,27.11,109.9956,53.65,99,100,2.04
252,Merritt,CA,2022-05-15 14:48:30,50.1123,-120.7942,44.65,92,100,3.42
253,Ondjiva,AO,2022-05-15 14:48:30,-17.0667,15.7333,85.73,18,8,5.99
254,Tifton,US,2022-05-15 14:44:15,31.4505,-83.5085,82.29,68,0,3.44
255,Monywa,MM,2022-05-15 14:48:35,22.1167,95.1333,82.72,74,97,11.72
256,Lao Cai,VN,2022-05-15 14:48:35,22.4833,103.95,70.65,99,100,1.66
257,Westport,US,2022-05-15 14:45:07,41.1415,-73.3579,69.62,94,100,8.05
258,Cooma,AU,2022-05-15 14:48:36,-36.2333,149.1333,48.18,81,2,6.91
259,Kolpashevo,RU,2022-05-15 14:48:36,58.3131,82.9089,61.25,74,100,7.27
260,Acapetahua,MX,2022-05-15 14:46:58,15.2833,-92.7,84.0,59,100,1.77
261,Vilaka,LV,2022-05-15 14:48:37,57.1846,27.6722,57.7,40,99,11.92
262,Mahebourg,MU,2022-05-15 14:48:37,-20.4081,57.7,75.49,78,40,3.44
263,Balkanabat,TM,2022-05-15 14:48:38,39.5108,54.3671,80.35,22,3,10.18
264,Avola,IT,2022-05-15 14:48:39,36.9113,15.1395,80.89,44,5,6.29
265,Marsta,SE,2022-05-15 14:48:40,59.6216,17.8548,62.17,35,0,13.8
266,Mount Gambier,AU,2022-05-15 14:48:40,-37.8333,140.7667,53.96,65,32,12.62
267,Carndonagh,IE,2022-05-15 14:48:41,55.25,-7.2667,65.82,78,63,11.77
268,Norman Wells,CA,2022-05-15 14:48:41,65.282,-126.8329,30.24,100,100,3.44
269,Makat,KZ,2022-05-15 14:48:41,47.6469,53.3463,65.19,67,17,11.81
270,Biak,ID,2022-05-15 14:48:42,-0.9131,122.8766,77.97,86,87,1.97
271,Plavinas,LV,2022-05-15 14:48:42,56.6178,25.7255,56.03,41,50,12.97
272,Pangnirtung,CA,2022-05-15 14:40:04,66.1451,-65.7125,24.4,76,8,2.33
273,Vestmannaeyjar,IS,2022-05-15 14:47:52,63.4427,-20.2734,49.19,93,75,10.36
274,Lagdo,CM,2022-05-15 14:49:43,9.05,13.7333,101.03,24,16,0.56
275,Taoudenni,ML,2022-05-15 14:49:43,22.6783,-3.9836,106.09,4,14,24.11
276,Alofi,NU,2022-05-15 14:49:44,-19.0595,-169.9187,62.49,94,100,1.14
277,Meulaboh,ID,2022-05-15 14:49:44,4.1363,96.1285,76.62,91,100,9.06
278,Jiangyou,CN,2022-05-15 14:49:45,31.7667,104.7167,60.64,76,72,3.69
279,Maloy,NO,2022-05-15 14:49:45,61.9353,5.1136,51.53,92,65,10.4
280,Sao Joao Da Barra,BR,2022-05-15 14:49:46,-21.6403,-41.0511,80.69,71,23,15.64
281,Mundi,IN,2022-05-15 14:49:46,22.0667,76.5,101.16,12,19,10.85
282,Kirkwall,GB,2022-05-15 14:49:47,58.9848,-2.9587,55.96,82,0,14.97
283,Ahipara,NZ,2022-05-15 14:47:58,-35.1667,173.1667,64.51,87,97,11.97
284,Tiksi,RU,2022-05-15 14:49:47,71.6872,128.8694,3.11,100,72,2.95
285,Luderitz,NA,2022-05-15 14:49:48,-26.6481,15.1594,74.61,37,23,6.33
286,Atambua,ID,2022-05-15 14:46:24,-9.1061,124.8925,73.44,90,85,4.0
287,Haines Junction,CA,2022-05-15 14:49:48,60.7522,-137.5108,31.95,93,88,0.0
288,Saint Anthony,US,2022-05-15 14:49:49,45.0205,-93.218,67.24,52,0,8.05
289,Cosio,MX,2022-05-15 14:49:49,22.35,-102.3,70.21,37,62,3.27
290,Portel,BR,2022-05-15 14:49:49,-1.9356,-50.8211,83.16,76,100,4.99
291,Shangzhi,CN,2022-05-15 14:49:50,45.2167,127.9667,45.99,44,97,3.67
292,Mattawa,US,2022-05-15 14:49:50,46.7379,-119.9028,55.4,80,100,4.92
293,Fuxin,CN,2022-05-15 14:49:51,42.0156,121.6589,62.11,30,87,5.23
294,Coahuayana,MX,2022-05-15 14:45:27,18.7333,-103.6833,86.47,41,87,2.51
295,Mayumba,GA,2022-05-15 14:49:51,-3.432,10.6554,80.83,82,72,10.96
296,Tromso,NO,2022-05-15 14:49:52,69.6496,18.957,41.02,81,75,8.05
297,Morros,BR,2022-05-15 14:49:56,-9.4467,-46.3003,89.67,35,73,8.3
298,Lakes Entrance,AU,2022-05-15 14:49:56,-37.8811,147.981,63.16,62,2,8.88
299,Mareeba,AU,2022-05-15 14:49:57,-17.0,145.4333,70.45,96,28,1.5
300,Severo-Kurilsk,RU,2022-05-15 14:49:57,50.6789,156.125,36.93,97,100,16.96
301,Yamada,JP,2022-05-15 14:49:58,39.4667,141.95,47.32,77,100,6.08
302,Raahe,FI,2022-05-15 14:49:58,64.6833,24.4833,51.89,82,100,6.85
303,Mahajanga,MG,2022-05-15 14:49:59,-15.7167,46.3167,87.82,45,20,4.61
304,Ragusa,IT,2022-05-15 14:49:59,36.9167,14.6,76.15,25,10,10.36
305,Rabo De Peixe,PT,2022-05-15 14:50:00,37.8,-25.5833,63.91,63,20,20.71
306,Longyearbyen,SJ,2022-05-15 14:50:00,78.2186,15.6401,31.84,69,75,2.3
307,Nemuro,JP,2022-05-15 14:50:01,43.3236,145.575,43.48,87,2,12.06
308,Katsuura,JP,2022-05-15 14:47:49,35.1333,140.3,64.06,82,100,2.26
309,Tabuk,PH,2022-05-15 14:50:01,17.4189,121.4443,77.41,88,100,2.75
310,Lavrentiya,RU,2022-05-15 14:50:02,65.5833,-171.0,29.05,93,87,7.65
311,Naberera,TZ,2022-05-15 14:50:02,-4.2,36.9333,68.29,63,99,10.89
312,Awbari,LY,2022-05-15 14:50:03,26.5921,12.7805,86.92,10,0,10.13
313,Minot,US,2022-05-15 14:50:03,48.2325,-101.2963,54.81,66,0,17.27
314,Chuy,UY,2022-05-15 14:50:03,-33.6971,-53.4616,60.6,52,100,10.65
315,Pisco,PE,2022-05-15 14:47:44,-13.7,-76.2167,62.65,94,100,4.61
316,Puerto Escondido,MX,2022-05-15 14:50:04,15.85,-97.0667,86.31,61,54,2.62
317,Luwuk,ID,2022-05-15 14:50:05,-0.9516,122.7875,79.43,90,91,0.63
318,Aketi,CD,2022-05-15 14:50:05,2.7388,23.7833,88.59,45,48,3.06
319,Wagar,SD,2022-05-15 14:50:05,16.1525,36.2032,108.39,6,0,8.77
320,Sadu,RO,2022-05-15 14:51:06,45.6667,24.1833,71.92,40,20,10.36
321,Mnogovershinnyy,RU,2022-05-15 14:51:06,53.9353,139.9242,28.53,96,100,11.23
322,Wewak,PG,2022-05-15 14:51:07,-3.5534,143.6268,80.46,77,100,5.95
323,Niamtougou,TG,2022-05-15 14:51:07,9.7681,1.1053,91.24,49,40,3.44
324,Sitka,US,2022-05-15 14:51:08,57.0531,-135.33,46.29,71,100,0.0
325,Serebryanyy Bor,RU,2022-05-15 14:51:08,56.8,124.8,26.73,92,97,5.91
326,Namatanai,PG,2022-05-15 14:51:09,-3.6667,152.4333,79.41,77,99,2.53
327,Hervey Bay,AU,2022-05-15 14:51:09,-25.2986,152.8535,71.02,95,71,3.0
328,Flinders,AU,2022-05-15 14:51:09,-34.5833,150.8552,60.06,86,0,3.0
329,Manono,CD,2022-05-15 14:51:10,-7.3,27.4167,85.42,48,35,4.56
330,Buckeye,US,2022-05-15 14:51:10,33.3703,-112.5838,87.19,9,76,3.44
331,Lagoa,PT,2022-05-15 14:51:11,39.05,-27.9833,58.89,74,91,21.47
332,Isla Mujeres,MX,2022-05-15 14:51:11,21.2311,-86.731,82.17,58,8,6.2
333,Guerrero Negro,MX,2022-05-15 14:46:18,27.9769,-114.0611,65.89,68,21,10.6
334,Moussoro,TD,2022-05-15 14:51:12,13.6408,16.4901,104.25,9,65,15.52
335,Anloga,GH,2022-05-15 14:51:12,5.7947,0.8973,84.72,69,50,11.92
336,Pangai,TO,2022-05-15 14:51:13,-19.8,-174.35,75.87,63,100,13.67
337,Gat,IL,2022-05-15 14:51:13,31.61,34.7642,75.78,43,0,12.68
338,Havre-Saint-Pierre,CA,2022-05-15 14:51:14,50.2334,-63.5986,46.76,53,0,10.36
339,Torbay,CA,2022-05-15 14:51:14,47.6666,-52.7314,39.27,91,100,13.8
340,Powell River,CA,2022-05-15 14:51:14,49.8496,-124.5361,51.44,100,100,8.05
341,Umm Bab,QA,2022-05-15 14:51:18,25.2142,50.8072,84.61,46,0,8.9
342,Ratnagiri,IN,2022-05-15 14:51:19,16.9833,73.3,83.82,78,100,9.04
343,Praia Da Vitoria,PT,2022-05-15 14:51:19,38.7333,-27.0667,62.85,67,75,20.31
344,Mehran,IR,2022-05-15 14:51:20,33.1222,46.1646,101.01,10,1,15.39
345,Avera,US,2022-05-15 14:51:20,33.194,-82.5271,80.65,56,100,5.06
346,Tecoanapa,MX,2022-05-15 14:51:21,16.5167,-98.75,86.72,59,10,3.15
347,Corrales,US,2022-05-15 14:51:21,35.2378,-106.6067,82.26,14,0,8.01
348,Stephenville,US,2022-05-15 14:49:00,32.2207,-98.2023,83.8,62,0,9.22
349,Teacapan,MX,2022-05-15 14:51:22,22.55,-105.75,78.58,64,86,2.8
350,Bar Harbor,US,2022-05-15 14:51:22,44.3876,-68.2039,57.52,88,100,7.0
351,Yulara,AU,2022-05-15 14:51:23,-25.2406,130.9889,60.51,56,0,9.69
352,Hit,IQ,2022-05-15 14:51:23,33.6416,42.8251,98.83,12,12,11.61
353,Nortelandia,BR,2022-05-15 14:51:23,-14.4547,-56.8028,92.97,37,36,3.24
354,Priargunsk,RU,2022-05-15 14:51:24,50.3691,119.1012,48.51,41,39,3.04
355,Nome,US,2022-05-15 14:51:24,64.5011,-165.4064,33.87,93,100,10.36
356,Wuwei,CN,2022-05-15 14:51:25,37.9281,102.6414,51.19,18,30,5.08
357,San Policarpo,PH,2022-05-15 14:47:54,12.1791,125.5072,80.82,82,100,8.57
358,Santa Teresa,VE,2022-05-15 14:51:25,10.2341,-66.6631,89.91,46,100,1.61
359,Eirunepe,BR,2022-05-15 14:51:26,-6.6603,-69.8736,77.45,92,100,2.26
360,Faya,SA,2022-05-15 14:51:26,18.3851,42.4509,82.92,11,0,13.2
361,Robertsport,LR,2022-05-15 14:51:27,6.7533,-11.3686,83.64,77,72,8.3
362,Olinda,BR,2022-05-15 14:51:27,-8.0089,-34.8553,85.73,70,75,6.91
363,Moranbah,AU,2022-05-15 14:51:28,-22.0016,148.0466,69.82,79,6,5.37
364,Cherskiy,RU,2022-05-15 14:51:28,68.75,161.3,19.9,91,100,4.27
365,Catamarca,AR,2022-05-15 14:51:29,-28.4696,-65.7852,50.77,99,89,3.0
366,Vostok,RU,2022-05-15 14:51:29,46.4856,135.8833,37.45,87,12,8.37
367,Magadan,RU,2022-05-15 14:52:29,59.5667,150.8,40.53,96,100,26.15
368,Mezen,RU,2022-05-15 14:52:30,65.8522,44.24,50.2,59,95,11.27
369,Viedma,AR,2022-05-15 14:52:30,-40.8135,-62.9967,54.59,68,100,23.06
370,Andijon,UZ,2022-05-15 14:52:31,40.7821,72.3442,65.48,43,75,4.38
371,Teluknaga,ID,2022-05-15 14:52:31,-6.0989,106.6381,78.84,94,20,3.44
372,Kupang,ID,2022-05-15 14:52:32,-10.1667,123.5833,77.74,89,11,7.83
373,Konongo,GH,2022-05-15 14:49:29,6.6167,-1.2167,94.69,39,71,3.11
374,Shimoda,JP,2022-05-15 14:52:32,34.6667,138.95,57.11,82,100,2.8
375,Roald,NO,2022-05-15 14:52:33,62.5833,6.1333,50.92,62,20,6.91
376,Yar-Sale,RU,2022-05-15 14:51:53,66.8333,70.8333,37.29,100,100,10.63
377,Fayaoue,NC,2022-05-15 14:52:33,-20.65,166.5333,75.61,77,38,15.08
378,Port Macquarie,AU,2022-05-15 14:52:34,-31.4333,152.9167,66.88,94,94,4.05
379,Atar,MR,2022-05-15 14:52:34,20.5169,-13.0499,109.33,7,11,13.62
380,Ambilobe,MG,2022-05-15 14:52:35,-13.2,49.05,74.35,76,3,0.94
381,Kiruna,SE,2022-05-15 14:52:35,67.8557,20.2251,45.52,46,20,10.36
382,Patos De Minas,BR,2022-05-15 14:52:35,-18.5789,-46.5181,79.81,44,77,9.42
383,Ngunguru,NZ,2022-05-15 14:52:36,-35.6167,174.5,59.49,91,90,8.25
384,Klaksvik,FO,2022-05-15 14:52:36,62.2266,-6.589,50.92,89,100,8.52
385,Isangel,VU,2022-05-15 14:52:37,-19.55,169.2667,73.74,82,47,11.12
386,Viljoenskroon,ZA,2022-05-15 14:52:37,-27.2084,26.9485,69.64,28,10,3.24
387,Kalabo,ZM,2022-05-15 14:52:38,-14.97,22.6814,79.07,33,71,5.44
388,Bilma,NE,2022-05-15 14:52:38,18.6853,12.9164,98.04,8,0,13.29
389,Asosa,ET,2022-05-15 14:52:39,10.0667,34.5333,64.56,84,100,4.45
390,Egvekinot,RU,2022-05-15 14:52:39,66.3167,-179.1667,25.09,90,95,6.17
391,Malumfashi,NG,2022-05-15 14:52:40,11.7853,7.6218,100.02,8,94,13.38
392,Wundanyi,KE,2022-05-15 14:52:40,-3.4019,38.364,69.94,55,97,13.09
393,Mafeteng,LS,2022-05-15 14:52:40,-29.823,27.2374,56.93,31,0,2.51
394,Sueyoshi,JP,2022-05-15 14:52:41,31.65,131.0167,54.23,84,100,2.57
395,Manggar,ID,2022-05-15 14:52:41,-2.8833,108.2667,82.67,79,51,4.85
396,Kapit,MY,2022-05-15 14:52:42,2.0167,112.9333,76.8,93,41,0.43
397,Sovetskiy,RU,2022-05-15 14:52:42,61.3614,63.5842,56.14,58,100,5.35
398,Dhidhdhoo,MV,2022-05-15 14:52:22,6.8833,73.1,82.27,79,100,23.55
399,Sfantu Gheorghe,RO,2022-05-15 14:52:43,45.8667,25.7833,72.86,50,70,9.89
400,La Ronge,CA,2022-05-15 14:52:43,55.1001,-105.2842,37.65,87,100,8.05
401,Kemin,KG,2022-05-15 14:52:44,42.7846,75.6892,53.49,80,88,3.44
402,Bagdarin,RU,2022-05-15 14:52:44,54.4333,113.6,41.79,55,6,4.88
403,Liverpool,GB,2022-05-15 14:52:44,53.4106,-2.9779,69.89,61,40,13.8
404,Zhezkazgan,KZ,2022-05-15 14:52:45,47.8043,67.7144,69.78,43,40,8.95
405,Pacasmayo,PE,2022-05-15 14:52:45,-7.4006,-79.5714,68.52,75,31,10.29
406,Dubovskoye,RU,2022-05-15 14:52:46,47.4092,42.7575,63.18,58,83,9.08
407,Acapulco,MX,2022-05-15 14:52:46,16.8634,-99.8901,85.35,62,93,2.21
408,Teguldet,RU,2022-05-15 14:52:47,57.3064,88.1667,63.05,71,99,12.01
409,Acari,PE,2022-05-15 14:49:20,-15.4311,-74.6158,77.7,47,19,7.2
410,Aksha,RU,2022-05-15 14:52:47,50.2814,113.2867,52.84,37,99,3.78
411,Tulagi,SB,2022-05-15 14:52:48,-9.0996,160.1476,82.06,71,31,3.31
412,Richmond,US,2022-05-15 14:50:00,37.5538,-77.4603,79.2,82,75,4.61
413,Uspenka,UA,2022-05-15 14:53:48,48.3903,39.1619,61.59,59,69,13.96
414,Hay River,CA,2022-05-15 14:50:31,60.8156,-115.7999,44.58,70,75,9.22
415,Aginskoye,RU,2022-05-15 14:53:49,51.1,114.53,49.8,39,23,2.57
416,Dharchula,IN,2022-05-15 14:53:49,29.85,80.5333,75.18,36,49,5.82
417,Taltal,CL,2022-05-15 14:53:50,-25.4,-70.4833,63.41,70,18,3.91
418,Vila Franca Do Campo,PT,2022-05-15 14:53:50,37.7167,-25.4333,64.81,69,100,15.97
419,Hofn,IS,2022-05-15 14:53:51,64.2539,-15.2082,50.02,87,100,6.91
420,Darnah,LY,2022-05-15 14:53:51,32.767,22.6367,69.96,66,0,17.85
421,Kokopo,PG,2022-05-15 14:53:52,-4.352,152.2633,77.38,82,91,4.12
422,Palmer,US,2022-05-15 14:52:27,42.1584,-72.3287,72.21,76,75,5.75
423,Maningrida,AU,2022-05-15 14:53:52,-12.0667,134.2667,76.84,81,1,4.45
424,Atraulia,IN,2022-05-15 14:53:53,26.3333,82.95,99.79,16,0,8.41
425,Necocli,CO,2022-05-15 14:53:53,8.4234,-76.786,82.18,86,86,5.61
426,Hambantota,LK,2022-05-15 14:53:53,6.1241,81.1185,75.54,100,75,3.44
427,Bam,IR,2022-05-15 14:53:54,29.106,58.357,78.57,12,0,11.63
428,Hamilton,US,2022-05-15 14:53:48,39.1834,-84.5333,76.6,78,10,3.0
429,Ayan,RU,2022-05-15 14:53:54,56.45,138.1667,32.95,92,100,6.2
430,Whithorn,JM,2022-05-15 14:53:55,18.2604,-78.0378,78.44,58,31,6.29
431,Ndola,ZM,2022-05-15 14:53:55,-12.9587,28.6366,68.38,49,3,4.29
432,Kaeo,NZ,2022-05-15 14:53:56,-35.1,173.7833,60.82,93,90,7.52
433,Rimavska Sobota,SK,2022-05-15 14:53:56,48.3828,20.0224,78.55,48,23,8.23
434,Port Hedland,AU,2022-05-15 14:53:57,-20.3167,118.5667,77.05,57,100,4.61
435,San Jose,US,2022-05-15 14:50:24,37.3394,-121.895,63.91,82,75,11.5
436,Surab,PK,2022-05-15 14:53:57,28.4914,66.2585,70.72,25,0,21.14
437,Narsaq,GL,2022-05-15 14:53:58,60.9167,-46.05,34.77,57,35,6.8
438,Yichun,CN,2022-05-15 14:53:58,47.7,128.9,35.91,71,25,4.27
439,Jega,NG,2022-05-15 14:53:58,12.2175,4.3792,104.32,22,33,5.03
440,Jibuti,DJ,2022-05-15 14:53:59,11.5,42.5,92.57,17,0,11.14
441,Yaan,NG,2022-05-15 14:53:59,7.3833,8.5667,92.59,47,97,0.87
442,Zhirnovsk,RU,2022-05-15 14:54:00,50.9845,44.7735,56.53,71,25,13.22
443,Oranjemund,NA,2022-05-15 14:54:00,-28.55,16.4333,77.18,31,0,11.97
444,Yorkton,CA,2022-05-15 14:54:01,51.2167,-102.4677,44.44,76,20,18.41
445,Fairview,US,2022-05-15 14:54:01,40.8126,-73.999,71.69,91,100,6.91
446,Bell Ville,AR,2022-05-15 14:54:02,-32.6259,-62.6887,57.67,46,44,11.65
447,Chapais,CA,2022-05-15 14:54:02,49.7834,-74.8492,62.38,65,100,6.46
448,Grindavik,IS,2022-05-15 14:54:02,63.8424,-22.4338,55.35,87,75,23.02
449,Warmbad,NA,2022-05-15 14:54:03,-28.45,18.7333,77.85,10,0,11.72
450,Provideniya,RU,2022-05-15 14:54:03,64.3833,-173.3,34.54,83,32,7.43
451,Gonaives,HT,2022-05-15 14:54:04,19.45,-72.6833,86.18,54,99,3.42
452,Grand Gaube,MU,2022-05-15 14:54:04,-20.0064,57.6608,75.6,76,29,3.0
453,Karaton,ID,2022-05-15 14:54:05,-6.3424,106.1045,76.51,94,98,3.2
454,Inuvik,CA,2022-05-15 14:54:05,68.3499,-133.7218,27.46,93,100,8.05
455,Manta,EC,2022-05-15 14:54:06,-0.95,-80.7333,78.58,83,100,3.44
456,Omboue,GA,2022-05-15 14:54:06,-1.5746,9.2618,82.29,80,65,8.19
457,Alappuzha,IN,2022-05-15 14:52:30,9.49,76.3264,79.72,86,100,13.18
458,Isla Vista,US,2022-05-15 14:54:07,34.4133,-119.861,86.31,33,100,1.12
459,Honningsvag,NO,2022-05-15 14:54:08,70.9821,25.9704,40.75,87,40,9.22
460,Majene,ID,2022-05-15 14:54:08,-3.5403,118.9707,78.76,88,100,4.03
461,Rawson,AR,2022-05-15 14:54:09,-43.3002,-65.1023,52.74,67,12,21.18
462,Marsabit,KE,2022-05-15 14:55:09,2.3284,37.9899,74.32,48,26,13.6
463,Solnechnogorsk,RU,2022-05-15 14:53:03,56.1833,36.9833,58.86,74,91,9.19
464,La Primavera,CO,2022-05-15 14:55:10,5.4906,-70.4092,88.43,57,58,8.95
465,Flin Flon,CA,2022-05-15 14:54:44,54.7682,-101.865,33.64,80,100,18.41
466,Male,MV,2022-05-15 14:55:11,4.1748,73.5089,85.95,79,75,19.57
467,Walvis Bay,NA,2022-05-15 14:51:03,-22.9575,14.5053,83.35,28,0,6.91
468,Pangkalanbuun,ID,2022-05-15 14:51:49,-2.6833,111.6167,76.73,96,53,2.55
469,Kattivakkam,IN,2022-05-15 14:55:11,13.2167,80.3167,85.06,84,91,16.46
470,Omsukchan,RU,2022-05-15 14:55:12,62.5333,155.8,33.96,92,100,4.61
471,Beyneu,KZ,2022-05-15 14:55:12,45.3167,55.2,78.4,25,0,8.23
472,Kribi,CM,2022-05-15 14:55:13,2.95,9.9167,82.45,81,66,7.7
473,Rokytne,UA,2022-05-15 14:55:13,51.2796,27.214,57.92,57,100,12.12
474,Pulaski,US,2022-05-15 14:55:13,34.7668,-92.3001,79.32,85,4,5.01
475,Salalah,OM,2022-05-15 14:55:14,17.0151,54.0924,85.69,49,0,4.36
476,San Patricio,US,2022-05-15 14:55:14,28.017,-97.5169,83.88,60,5,10.16
477,Batagay-Alyta,RU,2022-05-15 14:55:15,67.8006,130.4114,2.5,96,40,7.23
478,Potosi,BO,2022-05-15 14:55:15,-19.5836,-65.7531,49.93,22,24,17.0
479,Juba,SS,2022-05-15 14:51:00,4.8517,31.5825,77.72,76,98,1.14
480,Acatlan,MX,2022-05-15 14:55:16,20.15,-98.45,66.97,24,7,3.71
481,Harper,LR,2022-05-15 14:55:16,4.375,-7.7169,82.36,82,93,7.61
482,Alihe,CN,2022-05-15 14:50:48,50.5667,123.7167,38.32,45,24,4.41
483,Les Escoumins,CA,2022-05-15 14:55:17,48.1111,-69.0236,42.15,77,100,5.23
484,Port Lincoln,AU,2022-05-15 14:53:37,-34.7333,135.8667,59.36,69,52,15.59
485,Salta,AR,2022-05-15 14:50:32,-24.7859,-65.4117,55.99,92,75,5.75
486,Sturgeon Falls,CA,2022-05-15 14:55:18,46.3646,-79.9326,64.13,63,96,4.94
487,Ciudad Bolivar,VE,2022-05-15 14:55:18,8.1222,-63.5497,90.54,45,86,10.65
488,Smithers,CA,2022-05-15 14:55:19,54.7804,-127.1743,39.52,81,100,6.91
489,San Quintin,MX,2022-05-15 14:55:20,30.4833,-115.95,66.94,64,5,4.34
490,Makakilo City,US,2022-05-15 14:50:27,21.3469,-158.0858,73.0,74,0,11.5
491,Alim,PH,2022-05-15 14:55:21,9.5649,122.4876,80.64,75,86,3.4
492,Douglas,US,2022-05-15 14:54:23,41.3,-96.167,62.85,64,100,9.22
493,Dukat,RU,2022-05-15 14:55:21,62.55,155.55,31.1,97,100,4.21
494,Kaithal,IN,2022-05-15 14:55:22,29.8,76.3833,103.8,7,67,8.05
495,Alamogordo,US,2022-05-15 14:55:23,32.8995,-105.9603,84.4,6,0,0.0
496,Camacha,PT,2022-05-15 14:55:23,33.0833,-16.3333,69.22,68,20,10.36
497,Zaterechnyy,RU,2022-05-15 14:55:24,44.7931,45.2097,73.81,45,7,13.94
498,Pokhara,NP,2022-05-15 14:55:25,28.2333,83.9833,76.17,54,71,5.84
499,Bataipora,BR,2022-05-15 14:55:25,-22.2953,-53.2711,66.94,91,100,3.22
500,Fare,PF,2022-05-15 14:55:26,-16.7,-151.0167,79.72,69,17,4.81
501,Zhigansk,RU,2022-05-15 14:55:26,66.7697,123.3711,23.23,85,5,8.52
502,Nacala,MZ,2022-05-15 14:55:28,-14.5428,40.6728,75.36,73,20,9.35
503,Alekseyevskoye,RU,2022-05-15 14:55:28,55.3071,50.1135,55.47,73,100,8.1
504,Saint-Pierre,RE,2022-05-15 14:55:29,-21.3393,55.4781,74.88,64,0,14.97
505,Lorengau,PG,2022-05-15 14:55:29,-2.0226,147.2712,80.22,70,100,0.65
506,Noumea,NC,2022-05-15 14:55:30,-22.2763,166.4572,75.0,99,25,9.15
507,Beloha,MG,2022-05-15 14:55:30,-25.1667,45.05,70.38,70,0,10.78
508,Sungairaya,ID,2022-05-15 14:55:31,0.7,108.9,82.13,80,7,4.47
509,Chirongui,YT,2022-05-15 14:56:31,-12.9319,45.1483,82.33,67,0,13.67
510,Tshikapa,CD,2022-05-15 14:56:32,-6.4167,20.8,91.74,36,45,1.05
511,Malakal,SS,2022-05-15 14:56:33,9.5334,31.6605,83.97,54,86,10.18
512,Monetnyy,RU,2022-05-15 14:56:33,57.0472,60.8794,58.51,62,68,5.97
513,Progreso,MX,2022-05-15 14:56:33,21.2833,-89.6667,83.1,57,0,5.21
514,Powell,US,2022-05-15 14:53:29,40.1578,-83.0752,75.47,75,0,3.44
515,Necochea,AR,2022-05-15 14:56:34,-38.5473,-58.7368,53.37,77,100,22.12
516,Ozark,US,2022-05-15 14:53:55,37.0209,-93.206,79.52,69,73,1.01
517,Santa Cruz Del Sur,CU,2022-05-15 14:56:35,20.7147,-77.9956,74.7,86,100,1.32
518,Sao Felix Do Xingu,BR,2022-05-15 14:56:35,-6.6447,-51.995,81.39,87,96,2.62
519,Korem,ET,2022-05-15 14:56:36,12.5058,39.5228,71.2,23,0,12.26
520,Xiaoshi,CN,2022-05-15 14:56:36,41.2971,124.1209,50.74,52,57,5.55
521,Birao,CF,2022-05-15 14:56:37,10.2849,22.7882,90.28,38,94,8.1
522,Asau,RO,2022-05-15 14:56:37,46.4333,26.4,72.52,48,98,1.95
523,Port Blair,IN,2022-05-15 14:56:37,11.6667,92.75,80.64,89,75,5.75
524,Utica,US,2022-05-15 14:56:38,43.1009,-75.2327,76.91,86,61,8.08
525,Tiznit,MA,2022-05-15 14:56:38,29.5833,-9.5,78.91,33,0,14.76
526,Kabompo,ZM,2022-05-15 14:56:39,-13.5927,24.2008,73.92,44,26,4.72
527,Hilton Head Island,US,2022-05-15 14:52:05,32.2163,-80.7526,82.99,82,13,1.01
528,Ixtapa,MX,2022-05-15 14:56:39,20.7,-105.2,84.83,41,25,2.89
529,Morro Agudo,BR,2022-05-15 14:56:40,-20.7314,-48.0578,77.85,57,95,6.53
530,Mahon,ES,2022-05-15 14:56:43,39.8885,4.2658,77.56,38,0,11.5
531,Malindi,KE,2022-05-15 14:56:43,-3.2175,40.1191,82.56,78,75,18.41
532,Joshimath,IN,2022-05-15 14:56:43,30.5667,79.5667,68.49,38,77,3.49
533,Marsa Matruh,EG,2022-05-15 14:56:44,31.3525,27.2453,70.0,73,40,12.66
534,Ziarat,PK,2022-05-15 14:56:44,30.3823,67.7282,65.52,21,0,12.66
535,Filadelfia,US,2022-05-15 14:52:19,39.9523,-75.1638,72.99,86,100,6.91
536,Le Mars,US,2022-05-15 14:56:45,42.7942,-96.1656,61.72,55,0,9.22
537,Benguela,AO,2022-05-15 14:56:45,-12.5763,13.4055,80.78,68,2,6.64
538,Mount Isa,AU,2022-05-15 14:56:46,-20.7333,139.5,62.37,77,0,4.61
539,Ciechanow,PL,2022-05-15 14:56:46,52.8814,20.62,66.06,50,9,10.2
540,Ha Giang,VN,2022-05-15 14:56:47,22.8333,104.9833,69.76,90,100,2.71
541,Puerto Madero,MX,2022-05-15 14:56:47,14.7208,-92.4215,83.25,70,100,3.38
542,Kununurra,AU,2022-05-15 14:56:47,-15.7667,128.7333,75.18,78,1,0.0
543,San Isidro,PE,2022-05-15 14:56:48,-12.1167,-77.05,69.01,76,100,6.91
544,Conceicao Do Araguaia,BR,2022-05-15 14:56:48,-8.2578,-49.2647,85.24,66,100,3.22
545,Bom Jardim,BR,2022-05-15 14:56:49,-7.7958,-35.5872,80.92,71,100,11.21
546,Nantucket,US,2022-05-15 14:52:32,41.2835,-70.0995,64.51,88,100,10.36
547,Kulhudhuffushi,MV,2022-05-15 14:56:49,6.6221,73.07,81.91,80,100,20.69
548,Manica,FR,2022-05-15 14:56:50,49.0,-1.1667,78.26,55,80,10.31
549,Sobolevo,RU,2022-05-15 14:56:50,54.4299,31.8996,52.61,72,78,12.12
550,Assiniboia,CA,2022-05-15 14:56:51,49.6334,-105.9845,49.82,57,0,13.8
551,Nianzishan,CN,2022-05-15 14:56:51,47.5167,122.8833,51.35,29,64,3.6
552,Watertown,US,2022-05-15 14:56:51,42.3709,-71.1828,76.41,76,75,8.05
553,Sept-Iles,CA,2022-05-15 14:56:52,50.2001,-66.3821,50.52,43,40,24.16
554,Makaha,US,2022-05-15 14:56:52,21.4694,-158.2175,74.39,71,83,7.94
555,Saurimo,AO,2022-05-15 14:56:53,-9.6608,20.3916,82.36,31,56,5.99
556,Eldorado,BR,2022-05-15 14:57:53,-23.7869,-54.2836,62.98,96,100,5.75
557,Buala,SB,2022-05-15 14:54:41,-8.145,159.5921,79.56,82,32,3.06
558,Cimitarra,CO,2022-05-15 14:57:54,6.3142,-73.9497,86.59,66,61,3.13
559,Husavik,IS,2022-05-15 14:57:19,66.0449,-17.3389,51.06,73,93,8.9
560,Lata,PT,2022-05-15 14:57:54,40.1629,-8.3327,65.8,46,100,12.59
561,Nanakuli,US,2022-05-15 14:57:55,21.3906,-158.1547,74.44,68,100,3.44
562,Hami,CN,2022-05-15 14:57:55,42.8,93.45,73.18,6,68,6.44
563,Buchanan,LR,2022-05-15 14:57:56,5.8808,-10.0467,84.25,75,97,7.96
564,Bayshore Gardens,US,2022-05-15 14:57:56,27.4253,-82.5904,86.22,57,2,6.2
565,Verkhnyaya Inta,RU,2022-05-15 14:57:57,65.9811,60.3094,47.73,80,97,3.02
566,Finschhafen,PG,2022-05-15 14:57:57,-6.6024,147.8681,80.94,83,82,12.33
567,Boralday,KZ,2022-05-15 14:57:57,43.3578,76.8594,66.06,63,75,4.47
568,Puerto Ayacucho,VE,2022-05-15 14:57:58,5.6639,-67.6236,86.97,65,68,1.97
569,Horsham,GB,2022-05-15 14:57:58,51.064,-0.3272,63.73,84,40,9.22
570,Linhares,BR,2022-05-15 14:57:59,-19.3911,-40.0722,81.81,52,61,5.21
571,Zhangye,CN,2022-05-15 14:58:00,38.9342,100.4517,56.23,13,0,4.97
572,Straumen,NO,2022-05-15 14:58:00,63.8709,11.2999,48.2,63,95,15.19
573,Xai-Xai,MZ,2022-05-15 14:58:01,-25.0519,33.6442,71.67,74,6,7.11
574,Goundam,ML,2022-05-15 14:54:31,16.4145,-3.6708,102.67,4,55,2.89
575,Lixourion,GR,2022-05-15 14:58:01,38.2019,20.4314,71.87,70,0,8.16
576,Effingham,US,2022-05-15 14:58:02,32.3669,-81.3332,82.85,51,30,2.33
577,Kutiyana,IN,2022-05-15 14:58:02,21.6233,69.9817,85.42,68,0,12.3
578,Ust-Nera,RU,2022-05-15 14:58:03,64.5667,143.2,32.05,98,100,8.84
579,Vuktyl,RU,2022-05-15 14:58:03,63.8567,57.3094,48.04,82,92,6.31
580,Chifeng,CN,2022-05-15 14:58:04,42.2683,118.9636,55.08,41,90,6.35
581,Zabid,YE,2022-05-15 14:58:04,14.1951,43.3152,97.45,22,0,6.67
582,Jaisalmer,IN,2022-05-15 14:58:05,26.9147,70.9181,98.28,13,0,19.71
